{
  "metadata": { "resultset": { "count": 577, "offset": 0, "limit": 700 } },
  "result": [
    {
      "id": 1059,
      "nombre": " Consultas referidas a Tramites de Patentes.",
      "area": "INPI A BORRARRR",
      "organismo": "INPI ------A BORRAR--------",
      "excepcional": 0,
      "idCat": null,
      "Categoria": null,
      "miArgentina": true,
      "wizard": null,
      "enlace": null,
      "especial": null,
      "pago": false,
      "descripcionAdicional": null,
      "tratamientoBorradoTemporalEspecial": false,
      "redirect": null,
      "validacionRenaper": false,
      "nivel": "0",
      "descripcion": null,
      "etiquetas": null
    },
    {
      "id": 68,
      "nombre": " Firma Digital para crear una Sociedad por Acciones Simplificada (SAS)- Con dispositivo Token ",
      "area": "Autoridad de Registro Ministerio de Producci\u00f3n",
      "organismo": "Ministerio de Trabajo, Empleo y Seguridad Social",
      "excepcional": 0,
      "idCat": 18,
      "Categoria": "documentacion",
      "miArgentina": true,
      "wizard": null,
      "enlace": null,
      "especial": null,
      "pago": false,
      "descripcionAdicional": null,
      "tratamientoBorradoTemporalEspecial": false,
      "redirect": null,
      "validacionRenaper": false,
      "nivel": "0",
      "descripcion": null,
      "etiquetas": "otros,Firma ,Digital,SAS,Sociedad por acciones ,Token,AC ONTI"
    },
    {
      "id": 618,
      "nombre": " Inscripci\u00f3n de Especialidades para anunciarse como especialista",
      "area": "Direcci\u00f3n Nacional de habilitaci\u00f3n, fiscalizaci\u00f3n y sanidad de fronteras",
      "organismo": "Direcci\u00f3n Nacional de habilitaci\u00f3n, fiscalizaci\u00f3n y sanidad de fronteras",
      "excepcional": 0,
      "idCat": 4,
      "Categoria": "Salud",
      "miArgentina": true,
      "wizard": null,
      "enlace": null,
      "especial": null,
      "pago": false,
      "descripcionAdicional": null,
      "tratamientoBorradoTemporalEspecial": false,
      "redirect": null,
      "validacionRenaper": false,
      "nivel": "0",
      "descripcion": null,
      "etiquetas": "Salud"
    },
    {
      "id": 1749,
      "nombre": "122",
      "area": "area 01",
      "organismo": "Prueba automatizada",
      "excepcional": 1,
      "idCat": null,
      "Categoria": null,
      "miArgentina": true,
      "wizard": "Descripci\u00f3n",
      "enlace": null,
      "especial": "Descripci\u00f3n",
      "pago": true,
      "descripcionAdicional": null,
      "tratamientoBorradoTemporalEspecial": true,
      "redirect": null,
      "validacionRenaper": false,
      "nivel": "0",
      "descripcion": "Descripci\u00f3n",
      "etiquetas": null
    },
    {
      "id": 1751,
      "nombre": "1A",
      "area": "area 01",
      "organismo": "Prueba automatizada",
      "excepcional": 0,
      "idCat": null,
      "Categoria": null,
      "miArgentina": true,
      "wizard": "Wizard (campo de mi A",
      "enlace": null,
      "especial": null,
      "pago": false,
      "descripcionAdicional": null,
      "tratamientoBorradoTemporalEspecial": false,
      "redirect": null,
      "validacionRenaper": false,
      "nivel": "0",
      "descripcion": "Descripci\u00f3n",
      "etiquetas": null
    },
    {
      "id": 1755,
      "nombre": "2",
      "area": "area 01",
      "organismo": "Prueba automatizada",
      "excepcional": 0,
      "idCat": null,
      "Categoria": null,
      "miArgentina": true,
      "wizard": "222",
      "enlace": null,
      "especial": "222",
      "pago": false,
      "descripcionAdicional": null,
      "tratamientoBorradoTemporalEspecial": true,
      "redirect": null,
      "validacionRenaper": false,
      "nivel": "0",
      "descripcion": "222",
      "etiquetas": null
    },
    {
      "id": 1757,
      "nombre": "3",
      "area": "area 01",
      "organismo": "Prueba automatizada",
      "excepcional": 0,
      "idCat": null,
      "Categoria": null,
      "miArgentina": true,
      "wizard": "33",
      "enlace": null,
      "especial": "33",
      "pago": false,
      "descripcionAdicional": null,
      "tratamientoBorradoTemporalEspecial": false,
      "redirect": null,
      "validacionRenaper": false,
      "nivel": "0",
      "descripcion": null,
      "etiquetas": null
    },
    {
      "id": 1759,
      "nombre": "4",
      "area": "area 01",
      "organismo": "Prueba automatizada",
      "excepcional": 0,
      "idCat": null,
      "Categoria": null,
      "miArgentina": true,
      "wizard": "44",
      "enlace": null,
      "especial": "4",
      "pago": false,
      "descripcionAdicional": null,
      "tratamientoBorradoTemporalEspecial": false,
      "redirect": null,
      "validacionRenaper": false,
      "nivel": "0",
      "descripcion": "44",
      "etiquetas": null
    }
  ]
}
